INSERT INTO SECURITY_AUTHORITY (ID) VALUES (-1);
INSERT INTO SECURITY_AUTHORITY (ID) VALUES (-2);
INSERT INTO SECURITY_AUTHORITY (ID) VALUES (-4);
INSERT INTO SECURITY_GROUP (ID, NAME, LABEL, GROUP_TYPE) VALUES (-1, 'ROLE_ANONYMOUS', 'ANONYMOUS', 1);
INSERT INTO SECURITY_GROUP (ID, NAME, LABEL, GROUP_TYPE) VALUES (-2, 'ROLE_USER', 'USER', 1);
INSERT INTO SECURITY_GROUP (ID, NAME, LABEL, GROUP_TYPE) VALUES (-4, 'ROLE_ADMIN', 'ADMINISTRATOR', 1);

INSERT INTO SECURITY_OBJECT_IDENTITY (ID, PARENT_FK) VALUES (0, null);
INSERT INTO SECURITY_PERMISSION (ID, MASK, ACL_OBJECT_IDENTITY_FK, RECIPIENT_FK) VALUES (1, 32767, 0, -4);

INSERT INTO SYSTEM_PROPERTY (ID, PROP_NAME, PROP_VALUE) VALUES (1, 'repository.path', 'java.io.temp');
INSERT INTO SYSTEM_PROPERTY (ID, PROP_NAME, PROP_VALUE) VALUES (2, 'mail.from.address', 'plexus@openuss-plexus.org');
INSERT INTO SYSTEM_PROPERTY (ID, PROP_NAME, PROP_VALUE) VALUES (3, 'mail.from.name', 'OpenUSS');
INSERT INTO SYSTEM_PROPERTY (ID, PROP_NAME, PROP_VALUE) VALUES (4, 'mail.host.name', 'localhost');
INSERT INTO SYSTEM_PROPERTY (ID, PROP_NAME, PROP_VALUE) VALUES (5, 'mail.host.user', 'plexus@openuss-plexus.org');
INSERT INTO SYSTEM_PROPERTY (ID, PROP_NAME, PROP_VALUE) VALUES (6, 'mail.host.password', 'plexus');
INSERT INTO SYSTEM_PROPERTY (ID, PROP_NAME, PROP_VALUE) VALUES (7, 'openuss.server.url', 'http://localhost:8080/openuss-plexus');
INSERT INTO SYSTEM_PROPERTY (ID, PROP_NAME, PROP_VALUE) VALUES (8, 'openuss.copyright', '(c) Copyright OpenUSS 2000 - 2007');
INSERT INTO SYSTEM_PROPERTY (ID, PROP_NAME, PROP_VALUE) VALUES (9, 'documentation.url', 'http://localhost:8080/openuss-plexus/views/secured/course/main.faces?&course=163355');
INSERT INTO SYSTEM_PROPERTY (ID, PROP_NAME, PROP_VALUE) VALUES (10, 'support.url', 'http://localhost:8080/openuss-plexus/views/secured/course/main.faces?&course=163355');
INSERT INTO SYSTEM_PROPERTY (ID, PROP_NAME, PROP_VALUE) VALUES (11, 'bugtracking.url', 'http://teamopenuss.uni-muenster.de/jira');
INSERT INTO SYSTEM_PROPERTY (ID, PROP_NAME, PROP_VALUE) VALUES (12, 'impressum.text', '<a href="http://www.wi.uni-muenster.de/aw">OpenUSS wird Lehrstuhl für WI und Controlling entwickelt</a>');
INSERT INTO SYSTEM_PROPERTY (ID, PROP_NAME, PROP_VALUE) VALUES (13, 'provider.url', 'http://openuss.sourceforge.net');


INSERT INTO SECURITY_AUTHORITY (ID) VALUES (-10);
INSERT INTO SECURITY_USER_CONTACT (ID, FIRST_NAME, LAST_NAME, TITLE, PROFESSION, ADDRESS, CITY, COUNTRY, TELEPHONE, POSTCODE, SMS_EMAIL) VALUES (-10, 'Admin', 'Administrator', '', '', 'Leonardo-Campus 3', 'Münster', NULL, '', '48149', '');
INSERT INTO SECURITY_USER_PREFERENCES (ID, LOCALE, THEME, TIMEZONE) VALUES (-10, 'de', 'plexus', 'Europe/Berlin');
INSERT INTO SECURITY_USER_PROFILE (ID, AGE_GROUP, MATRICULATION, STUDIES, IMAGE_FILE_ID, EMAIL_PUBLIC, ADDRESS_PUBLIC, TELEPHONE_PUBLIC, PORTRAIT_PUBLIC, IMAGE_PUBLIC, PROFILE_PUBLIC) VALUES (-10, NULL, NULL, NULL, NULL, 0, 0, 0, 0, 0, 0);
INSERT INTO SECURITY_USER (ID, USERNAME, PWD_HASH, EMAIL, ENABLED, ACCOUNT_EXPIRED, ACCOUNT_LOCKED, CREDENTIALS_EXPIRED, LAST_LOGIN, PREFERENCES_FK, CONTACT_FK, PROFILE_FK) VALUES (-10, 'admin', 'masterkey', 'unknown@openuss-plexus.com', 1, 0, 0, 0, '2007-07-12 13:27:26', -10, -10, -10);

INSERT INTO SECURITY_GROUP2AUTHORITY (MEMBERS_FK, GROUPS_FK) VALUES (-10, -4);
INSERT INTO SECURITY_GROUP2AUTHORITY (MEMBERS_FK, GROUPS_FK) VALUES (-10, -2);
INSERT INTO SECURITY_OBJECT_IDENTITY (ID, PARENT_FK) VALUES (-10, 0);

INSERT INTO SECURITY_AUTHORITY (ID) VALUES (-11);
INSERT INTO SECURITY_USER_CONTACT (ID, FIRST_NAME, LAST_NAME, TITLE, PROFESSION, ADDRESS, CITY, COUNTRY, TELEPHONE, POSTCODE, SMS_EMAIL) VALUES (-11, 'UNKNOWN', 'UNKNOWN OR DELETED', '', '', 'N/A', 'N/A', NULL, '', 'N/A', '');
INSERT INTO SECURITY_USER_PREFERENCES (ID, LOCALE, THEME, TIMEZONE) VALUES (-11, 'de', 'plexus', 'Europe/Berlin');
INSERT INTO SECURITY_USER_PROFILE (ID, AGE_GROUP, MATRICULATION, STUDIES, IMAGE_FILE_ID, EMAIL_PUBLIC, ADDRESS_PUBLIC, TELEPHONE_PUBLIC, PORTRAIT_PUBLIC, IMAGE_PUBLIC, PROFILE_PUBLIC) VALUES (-11, NULL, NULL, NULL, NULL, 0, 0, 0, 0, 0, 0);
INSERT INTO SECURITY_USER (ID, USERNAME, PWD_HASH, EMAIL, ENABLED, ACCOUNT_EXPIRED, ACCOUNT_LOCKED, CREDENTIALS_EXPIRED, LAST_LOGIN, PREFERENCES_FK, CONTACT_FK, PROFILE_FK) VALUES (-11, 'UNKNOWN', 'UNKNOWN', 'plexus@openuss-plexus.com', 0, 0, 1, 0, '2007-07-12 13:27:26', -11, -11, -11);

INSERT INTO SECURITY_GROUP2AUTHORITY (MEMBERS_FK, GROUPS_FK) VALUES (-11, -2);
INSERT INTO SECURITY_OBJECT_IDENTITY (ID, PARENT_FK) VALUES (-11, 0);

INSERT INTO SECURITY_MEMBERSHIP (ID) VALUES (1);
INSERT INTO SECURITY_MEMBERSHIP (ID) VALUES (2);
INSERT INTO SECURITY_MEMBERSHIP (ID) VALUES (3);
INSERT INTO SECURITY_MEMBERSHIP (ID) VALUES (4);
INSERT INTO SECURITY_MEMBERSHIP (ID) VALUES (5);

INSERT INTO SECURITY_MEMBER_MEMBERSHIP (MEMBERSHIP_MEMBERS_FK, MEMBERS_FK) VALUES (1, -10);
INSERT INTO SECURITY_MEMBER_MEMBERSHIP (MEMBERSHIP_MEMBERS_FK, MEMBERS_FK) VALUES (2, -10);
INSERT INTO SECURITY_MEMBER_MEMBERSHIP (MEMBERSHIP_MEMBERS_FK, MEMBERS_FK) VALUES (3, -10);
INSERT INTO SECURITY_MEMBER_MEMBERSHIP (MEMBERSHIP_MEMBERS_FK, MEMBERS_FK) VALUES (4, -10);
INSERT INTO SECURITY_MEMBER_MEMBERSHIP (MEMBERSHIP_MEMBERS_FK, MEMBERS_FK) VALUES (5, -10);

INSERT INTO LECTURE_ORGANISATION (ID, NAME, SHORT_NAME, SHORTCUT, DESCRIPTION, OWNER_NAME, ADDRESS, POSTCODE, CITY, COUNTRY, TELEPHONE, TELEFAX, WEBSITE, EMAIL, LOCALE, THEME, IMAGE_ID, ENABLED, MEMBERSHIP_FK) VALUES (1, 'OpenUSS University', 'OpenUSS University', 'University', '', 'OpenUSS', 'Leonardo-Campus 3', '48149', 'Münster', '48143 Münster', '', '', 'www.openuss.de', 'openuss@e-learning.uni-muenster.de', 'de', 'plexus', NULL, 1, 1);
INSERT INTO LECTURE_ORGANISATION (ID, NAME, SHORT_NAME, SHORTCUT, DESCRIPTION, OWNER_NAME, ADDRESS, POSTCODE, CITY, COUNTRY, TELEPHONE, TELEFAX, WEBSITE, EMAIL, LOCALE, THEME, IMAGE_ID, ENABLED, MEMBERSHIP_FK) VALUES (2, 'E-Learning', 'E-Learning', 'E-Learning', '', 'OpenUSS', 'Leonardo-Campus 3', '48149', 'Münster', '48143 Münster', '', '', 'www.openuss.de', 'openuss@e-learning.uni-muenster.de', 'de', 'plexus', NULL, 1, 2);
INSERT INTO LECTURE_ORGANISATION (ID, NAME, SHORT_NAME, SHORTCUT, DESCRIPTION, OWNER_NAME, ADDRESS, POSTCODE, CITY, COUNTRY, TELEPHONE, TELEFAX, WEBSITE, EMAIL, LOCALE, THEME, IMAGE_ID, ENABLED, MEMBERSHIP_FK) VALUES (3, 'Sandbox', 'Sandbox', 'Sandbox', '<b>Welcome to OpenUSS Sandbox</b>', 'OpenUSS', '', '', '', '', '', '', '', '', 'de', 'none', NULL, 1, 3);
INSERT INTO LECTURE_ORGANISATION (ID, NAME, SHORT_NAME, SHORTCUT, DESCRIPTION, OWNER_NAME, ADDRESS, POSTCODE, CITY, COUNTRY, TELEPHONE, TELEFAX, WEBSITE, EMAIL, LOCALE, THEME, IMAGE_ID, ENABLED, MEMBERSHIP_FK) VALUES (4, 'Community', 'Community', 'Community', '', 'OpenUSS', '', '', '', '', '', '', '', '', 'de', 'plexus', NULL, 1, 4);
INSERT INTO LECTURE_ORGANISATION (ID, NAME, SHORT_NAME, SHORTCUT, DESCRIPTION, OWNER_NAME, ADDRESS, POSTCODE, CITY, COUNTRY, TELEPHONE, TELEFAX, WEBSITE, EMAIL, LOCALE, THEME, IMAGE_ID, ENABLED, MEMBERSHIP_FK) VALUES (5, 'Support', 'Support', 'Support', '', 'OpenUSS Team', 'Leonardo-Campus 3', '48149', 'Münster', 'Deutschland', '', '', '', 'openuss@e-learning.uni-muenster.de', 'de', 'plexus', NULL, 1, 5);

INSERT INTO LECTURE_UNIVERSITY (ID, UNIVERSITY_TYPE) VALUES (1, 0);

INSERT INTO LECTURE_PERIOD (ID, NAME, DESCRIPTION, STARTDATE, ENDDATE, DEFAULT_PERIOD, UNIVERSITY_FK) VALUES (1, 'Permanentes Angebot', '', '1970-01-01 00:00:00', '2050-12-31 00:00:00', 1, 1);
INSERT INTO LECTURE_PERIOD (ID, NAME, DESCRIPTION, STARTDATE, ENDDATE, DEFAULT_PERIOD, UNIVERSITY_FK) VALUES (2, 'SS 01', '', '2001-04-01 00:00:00', '2001-09-30 00:00:00', 0, 1);
INSERT INTO LECTURE_PERIOD (ID, NAME, DESCRIPTION, STARTDATE, ENDDATE, DEFAULT_PERIOD, UNIVERSITY_FK) VALUES (3, 'WS 01/02', '', '2001-10-01 00:00:00', '2002-03-31 00:00:00', 0, 1);
INSERT INTO LECTURE_PERIOD (ID, NAME, DESCRIPTION, STARTDATE, ENDDATE, DEFAULT_PERIOD, UNIVERSITY_FK) VALUES (4, 'SS 02', '', '2002-04-01 00:00:00', '2002-09-30 00:00:00', 0, 1);
INSERT INTO LECTURE_PERIOD (ID, NAME, DESCRIPTION, STARTDATE, ENDDATE, DEFAULT_PERIOD, UNIVERSITY_FK) VALUES (5, 'WS 02/03', '', '2002-10-01 00:00:00', '2003-03-31 00:00:00', 0, 1);
INSERT INTO LECTURE_PERIOD (ID, NAME, DESCRIPTION, STARTDATE, ENDDATE, DEFAULT_PERIOD, UNIVERSITY_FK) VALUES (6, 'SS 03', '', '2003-04-01 00:00:00', '2003-09-30 00:00:00', 0, 1);
INSERT INTO LECTURE_PERIOD (ID, NAME, DESCRIPTION, STARTDATE, ENDDATE, DEFAULT_PERIOD, UNIVERSITY_FK) VALUES (7, 'WS 03/04', '', '2003-10-01 00:00:00', '2004-03-31 00:00:00', 0, 1);
INSERT INTO LECTURE_PERIOD (ID, NAME, DESCRIPTION, STARTDATE, ENDDATE, DEFAULT_PERIOD, UNIVERSITY_FK) VALUES (8, 'SS 04', '', '2004-04-01 00:00:00', '2004-09-30 00:00:00', 0, 1);
INSERT INTO LECTURE_PERIOD (ID, NAME, DESCRIPTION, STARTDATE, ENDDATE, DEFAULT_PERIOD, UNIVERSITY_FK) VALUES (9, 'WS 04/05', '', '2004-10-01 00:00:00', '2005-03-31 00:00:00', 0, 1);
INSERT INTO LECTURE_PERIOD (ID, NAME, DESCRIPTION, STARTDATE, ENDDATE, DEFAULT_PERIOD, UNIVERSITY_FK) VALUES (10, 'SS 05', '', '2005-04-01 00:00:00', '2005-09-30 00:00:00', 0, 1);
INSERT INTO LECTURE_PERIOD (ID, NAME, DESCRIPTION, STARTDATE, ENDDATE, DEFAULT_PERIOD, UNIVERSITY_FK) VALUES (11, 'WS 05/06', '', '2005-10-01 00:00:00', '2006-03-31 00:00:00', 0, 1);
INSERT INTO LECTURE_PERIOD (ID, NAME, DESCRIPTION, STARTDATE, ENDDATE, DEFAULT_PERIOD, UNIVERSITY_FK) VALUES (12, 'SS 06', '', '2006-04-01 00:00:00', '2006-09-30 00:00:00', 0, 1);
INSERT INTO LECTURE_PERIOD (ID, NAME, DESCRIPTION, STARTDATE, ENDDATE, DEFAULT_PERIOD, UNIVERSITY_FK) VALUES (13, 'WS 06/07', '', '2006-10-01 00:00:00', '2007-03-31 00:00:00', 0, 1);
INSERT INTO LECTURE_PERIOD (ID, NAME, DESCRIPTION, STARTDATE, ENDDATE, DEFAULT_PERIOD, UNIVERSITY_FK) VALUES (14, 'SS 07', '', '2007-04-01 00:00:00', '2007-09-30 00:00:00', 0, 1);
INSERT INTO LECTURE_PERIOD (ID, NAME, DESCRIPTION, STARTDATE, ENDDATE, DEFAULT_PERIOD, UNIVERSITY_FK) VALUES (15, 'WS 07/08', '', '2007-10-01 00:00:00', '2008-03-31 00:00:00', 0, 1);

INSERT INTO LECTURE_DEPARTMENT (ID, DEPARTMENT_TYPE, DEFAULT_DEPARTMENT, UNIVERSITY_FK) VALUES (2, 1, 1, 1);
INSERT INTO LECTURE_DEPARTMENT (ID, DEPARTMENT_TYPE, DEFAULT_DEPARTMENT, UNIVERSITY_FK) VALUES (3, 1, 0, 1);
INSERT INTO LECTURE_DEPARTMENT (ID, DEPARTMENT_TYPE, DEFAULT_DEPARTMENT, UNIVERSITY_FK) VALUES (4, 0, 0, 1);

INSERT INTO LECTURE_INSTITUTE (ID, DEPARTMENT_FK) VALUES (5, 4);
INSERT INTO SECURITY_OBJECT_IDENTITY (ID, PARENT_FK) VALUES (1, 0);
INSERT INTO SECURITY_OBJECT_IDENTITY (ID, PARENT_FK) VALUES (2, 1);
INSERT INTO SECURITY_OBJECT_IDENTITY (ID, PARENT_FK) VALUES (3, 1);
INSERT INTO SECURITY_OBJECT_IDENTITY (ID, PARENT_FK) VALUES (4, 1);
INSERT INTO SECURITY_OBJECT_IDENTITY (ID, PARENT_FK) VALUES (5, 4);


